Company Name,Company URL,Stand,Company USP,Address,PRODUCT CATEGORY,INDUSTRIES,SUSTAINABILITY INITIATIVE,Official Website,Facebook handle,LinkedIn handle,Instagram handle,YouTube handle
Thrust Carbon,https://www.businesstravelshoweurope.com/exhibitors/thrust-carbon,Stand:  L20,N/A,"86-90 Paul Street,, Thrust Carbon Ltd, Third Floor,, London,, EC2A 4NE, United Kingdom","Consulting Services, Reporting/Data Management/Analytics","A Service Providing Company, Agri, Forestry, Fisheries, A Manufacturing Company, Automotive/Transportation, Banking, Finance, Insurance, Real Estate, Construction/ Engineering/Infrastructure/ Telecoms, Diversified Company, Government, Manufacturing, Media/Advertising/Communications/Marketing, Mining, Chem, Energy, Medical/Healthcare/Pharma, Energy/Utilities/Mining, Other Manufacturing, Professional Services (Business, Legal, Consulting), Sports/Entertainment, Travel Mgmt Co/Agency/Meetings, Technology/Electronics, Travel Supplier (not Business Travel Agent), Travel, Tourism and Hospitality, Wholesale/Retail/Dist (Non-Travel)","Commitment to net zero, Carbon offsetting, Fighting plastic waste, Energy efficient, Clean energy, Investing in communities",https://www.asp.events/client,N/A,N/A,N/A,N/A
American Express Services Europe Ltd.,https://www.businesstravelshoweurope.com/exhibitors/american-express-services-europe-,Stand:  G34,N/A,"Belgrave House, 76 Buckingham Palace Road, London, SW1W 9AX, United Kingdom",N/A,N/A,N/A,https://www.asp.events/client,N/A,N/A,N/A,N/A
Oversee,https://www.businesstravelshoweurope.com/exhibitors/oversee,Stand:  L70,"Maximize your travel savings with Oversee's Travel Spend Optimization solutions, seamlessly leveraging reshop with FareSaver and HotelSaver.","Alon Building, no. 2, 94 Yigal Alon Street, Tel-Aviv, Israel, 6789156, Israel","Consulting Services, Expense Management Technology, Reporting/Data Management/Analytics","Travel Mgmt Co/Agency/Meetings, Travel Supplier (not Business Travel Agent), Travel, Tourism and Hospitality",", Loading",https://oversee.biz,https://web.facebook.com/Overseebiz,https://www.linkedin.com/company/oversee-biz,https://instagram.com/overseebiz,N/A
TravelPerk UK IRL,https://www.businesstravelshoweurope.com/exhibitors/travelperk-uk-irl,Stand:  K20,TravelPerk is an all-in-one platform that gives travellers the freedom they want whilst providing companies with the control they need.,"Alpha Tower, Suffolk Street, Queensway, Birmingham, W Midlands, B1 1TT, United Kingdom","Online Booking Tools/Travel Technology, Reporting/Data Management/Analytics, Travel Management Company/Agency","Travel Mgmt Co/Agency/Meetings, Technology/Electronics",Carbon offsetting,https://travelperk.com,N/A,https://www.linkedin.com/company/travelperk,https://www.instagram.com/travelperk/,https://www.youtube.com/@TravelPerkOfficial
Latam Airlines,https://www.businesstravelshoweurope.com/exhibitors/latam-airlines,Stand:  AP3,N/A,United Kingdom,Airline,"Travel, Tourism and Hospitality",N/A,https://www.latamairlines.com/gb/en,https://www.facebook.com/LATAMAirlines/,https://www.linkedin.com/company/latam_airlines,https://www.instagram.com/latamairlines/,https://www.youtube.com/user/LANAirlinesUSA
HQ,https://www.businesstravelshoweurope.com/exhibitors/hq-travel,Stand:  J74,HQ makes managing ground transportation stress-free and easy with a single global platform that accelerates cost savings at every turn…,"PO Box 751735, 447 Broadway, New York, New York, 10013-2562, United States",Ground/Chauffeur Transportation,"Banking, Finance, Insurance, Real Estate, Professional Services (Business, Legal, Consulting), Travel Mgmt Co/Agency/Meetings",Commitment to net zero,https://hqtravel.com/,N/A,https://www.linkedin.com/company/hqcorporatemobility/,N/A,http://www.youtube.com/@hqgroundtransportation
United Airlines,https://www.businesstravelshoweurope.com/exhibitors/united-airlines,Stand:  K41,N/A,United Kingdom,Airline,"Travel Supplier (not Business Travel Agent), Travel, Tourism and Hospitality","Commitment to net zero, Investing in communities",https://www.united.com/en/gb/,https://www.facebook.com/United/?locale=en_GB,https://www.linkedin.com/company/united-airlines,https://www.instagram.com/united/,https://www.youtube.com/UNITED
Roomzzz Aparthotels,https://www.businesstravelshoweurope.com/exhibitors/roomzzz-aparthotels,Stand:  AV12,The best of both worlds: More comfort & space than the average hotel room with more safety & service than the average serviced apartment.,"Northgate, 118 North Street, Leeds, West Yorkshire, LS2 7PN, United Kingdom",Serviced Apartments,"Travel, Tourism and Hospitality","Commitment to net zero, Carbon offsetting, Fighting plastic waste, Energy efficient, Clean energy, Investing in communities",https://www.roomzzz.com/,https://www.facebook.com/RoomzzzAparthotel,https://www.linkedin.com/company/roomzzz-aparthotel/,https://www.instagram.com/roomzzzuk/,https://www.youtube.com/@roomzzzaparthotels9816
Sercasa,https://www.businesstravelshoweurope.com/exhibitors/sercasa,Stand:  L90,The home of ALL STAYS!,"167- 169 Great Portland St,, London, W1W 5PF, United Kingdom",Serviced Apartments,"Travel, Tourism and Hospitality",N/A,https://www.sercasa.co.uk/,N/A,https://www.linkedin.com/company/ser-casa/,https://www.instagram.com/sercasa/,N/A
Hubli,https://www.businesstravelshoweurope.com/exhibitors/hubli,Stand:  G11,"Self-serve bookings, inbuilt policy, ESG, Carbon Calculator, Office Connect and more...!","51 Bracken Rd, Sandyford, Dublin, Dublin, D18 CV48, Ireland",N/A,N/A,N/A,https://www.hubli.com/,https://www.facebook.com/joinhubli,https://www.linkedin.com/company/joinhubli,https://www.instagram.com/joinhubli/,https://www.youtube.com/@JoinHubli
AMANO GROUP,https://www.businesstravelshoweurope.com/exhibitors/amano-group,Stand:  AV9,"Hotspot location, rooftop bar, exquisite design","34-43 Russell Street, London, WC2B 5HA, United Kingdom","Hotel, Meetings/Incentive Travel","Travel, Tourism and Hospitality",", Loading, 
									21 May 2024
								",https://www.amanogroup.com/en/hotels/london-hotel-,https://www.facebook.com/amanocoventgarden/,N/A,https://www.instagram.com/amanocoventgarden/?hl=en,N/A
SkyTeam Airline Alliance Management Cooperative UA,https://www.businesstravelshoweurope.com/exhibitors/skyteam-airline-alliance-management-cooperative-ua,Stand:  K72,x,"AMSTERDAMSEWEG 55, WING 3.3,, AMSTELVEEN, 1182 GP, Netherlands","Airline, Airline Alliance","Travel Mgmt Co/Agency/Meetings, Trade/Non-Profit Organization, Travel Supplier (not Business Travel Agent), Travel, Tourism and Hospitality","Commitment to net zero, Carbon offsetting, Fighting plastic waste, Energy efficient, Clean energy, Investing in communities",https://www.skyteam.com/en/business-solutions/corp,N/A,https://www.linkedin.com/company/skyteam/mycompany/,N/A,https://www.youtube.com/@skyteam
Air France-KLM,https://www.businesstravelshoweurope.com/exhibitors/airfranceklm,Stand:  K73,N/A,N/A,N/A,N/A,N/A,https://www.airfranceklm.com/en,N/A,N/A,N/A,N/A
Leonardo Hotels UK & Ireland,https://www.businesstravelshoweurope.com/exhibitors/jurys-inn-leonardo-hotels-uk-ireland,Stand:  G61,Stylish and comfortable accommodation in central locations offering superb customer service and a friendly welcome to all of our guests,"31-35 Clarendon Road, 31-35 Clarendon Road, Watford, Hertfordshire, WD17 1JA, United Kingdom",Hotel,"Travel, Tourism and Hospitality",N/A,https://www.leonardohotels.co.uk/,https://www.facebook.com/LeonardoHotelsUKIRE/,https://www.linkedin.com/company/leonardohotelsukire,https://www.instagram.com/leonardohotelsukire/,N/A
Midoco,https://www.businesstravelshoweurope.com/exhibitors/midoco,Stand:  L71,Processing of multi-content orders at scale  and Traveller Profile Management,"Kallmorgen Tower, Willy-Brand-Str. 23-25, Hamburg, 20457, Germany",Reporting/Data Management/Analytics,"Technology/Electronics, Travel Supplier (not Business Travel Agent)",Energy efficient,https://www.midoco.de/en,N/A,https://www.linkedin.com/company/midoco,N/A,https://www.youtube.com/@midocogroup
Collinson Group,https://www.businesstravelshoweurope.com/exhibitors/collinson-central-services,Stand:  H61,N/A,"3 More London Place, London, SE1 2AQ, United Kingdom",None of the Above,"Banking, Finance, Insurance, Real Estate, Construction/ Engineering/Infrastructure/ Telecoms, Travel Mgmt Co/Agency/Meetings, Technology/Electronics, Travel Supplier (not Business Travel Agent), Travel, Tourism and Hospitality","Carbon offsetting, Fighting plastic waste, Energy efficient, Investing in communities",https://www.collinsongroup.com,N/A,https://www.linkedin.com/company/collinson,N/A,https://www.youtube.com/@collinson928
Carey Worldwide Chauffered Services,https://www.businesstravelshoweurope.com/exhibitors/carey-worldwide-chauffered-services,Stand:  L60,Global franchise network delivering the same standards in service delivery in all locations.,"6-9 The Square, Stockley Park,, Stockley Park, Uxbridge, Middlesex, UB11 1FW, United Kingdom",Ground/Chauffeur Transportation,"A Service Providing Company, Agri, Forestry, Fisheries, A Manufacturing Company, Automotive/Transportation, Banking, Finance, Insurance, Real Estate, Construction/ Engineering/Infrastructure/ Telecoms, Diversified Company, Government, Manufacturing, Media/Advertising/Communications/Marketing, Mining, Chem, Energy, Non-Profit Organization/NGO, Medical/Healthcare/Pharma, Education, Energy/Utilities/Mining, Other Manufacturing, Professional Services (Business, Legal, Consulting), Sports/Entertainment, Travel Mgmt Co/Agency/Meetings, Technology/Electronics, Trade/Non-Profit Organization, Travel Supplier (not Business Travel Agent), Travel, Tourism and Hospitality, Wholesale/Retail/Dist (Non-Travel)","Fighting plastic waste, Energy efficient, Clean energy",https://www.careyuk.com/,N/A,https://www.linkedin.com/company/carey-international/mycompany/verification/,N/A,N/A
Emburse,https://www.businesstravelshoweurope.com/exhibitors/emburse,Stand:  H20,N/A,"Emburse, 1 Poultry, London, EC2R 8EJ, United Kingdom","Expense Management Technology, Online Booking Tools/Travel Technology, Reporting/Data Management/Analytics",Technology/Electronics,"Fighting plastic waste, Clean energy",https://www.emburse.com,https://www.facebook.com/emburse/,https://www.linkedin.com/company/emburse/mycompany/,https://www.instagram.com/emburse/,https://www.youtube.com/channel/UCXAK_opRNScOFADAhgPHcCA
Omega World Travel,https://www.businesstravelshoweurope.com/exhibitors/omega-world-travel,Stand:  J55,52 years of exceptional People Driven Travel Management,"Thanet House, 231 - 232 Strand, London, Default, WC2R1DA, United Kingdom","Meetings/Incentive Travel, Online Booking Tools/Travel Technology, Travel Management Company/Agency","Agri, Forestry, Fisheries, A Manufacturing Company, Banking, Finance, Insurance, Real Estate, Construction/ Engineering/Infrastructure/ Telecoms, Government, Medical/Healthcare/Pharma, Education, Energy/Utilities/Mining, Professional Services (Business, Legal, Consulting)",N/A,https://www.omegaworld.co.uk/,N/A,N/A,N/A,N/A
Selective Travel Management,https://www.businesstravelshoweurope.com/exhibitors/selective-travel-management,Stand:  L64,"Proprietary technology, independently owned, 50 years experience, specialists in bespoke sectors, personalised service, in-house 24/7 OOH support team","Murray's Exchange, Lower Ground Floor, Belfast, BT12 5DR, United Kingdom","Online Booking Tools/Travel Technology, Travel Management Company/Agency, Travel Risk Management/Duty of Care","Agri, Forestry, Fisheries, Automotive/Transportation, Banking, Finance, Insurance, Real Estate, Construction/ Engineering/Infrastructure/ Telecoms, Government, Manufacturing, Media/Advertising/Communications/Marketing, Non-Profit Organization/NGO, Medical/Healthcare/Pharma, Education, Energy/Utilities/Mining, Professional Services (Business, Legal, Consulting), Sports/Entertainment, Technology/Electronics, Travel, Tourism and Hospitality","Commitment to net zero, Carbon offsetting",https://www.selective-travel.com/,https://www.facebook.com/selectivetm/,https://www.linkedin.com/company/selective-travel-management,https://www.instagram.com/selectivetm/,https://www.youtube.com/@selectivetm
TRAVELODGE,https://www.businesstravelshoweurope.com/exhibitors/travelodge,Stand:  AV8,Amazing value rooms in over 580 locations across the UK,"SLEEPY HOLLOW, AYLESBURY ROAD, THAME OXON, OX9 3AT, United Kingdom","Hotel, Meetings/Incentive Travel",A Service Providing Company,"Fighting plastic waste, Energy efficient",https://www.travelodge.co.uk/,https://www.facebook.com/travelodgeuk,https://www.linkedin.com/company/travelodge-hotels-limited/,N/A,https://www.youtube.com/@TravelodgeUK
Satguru Corporate Travel Management,https://www.businesstravelshoweurope.com/exhibitors/satguru-travel-management,Stand:  K64,"Global presence, personalised online booking tool, tailored solutions, cost optimization, expense management, 24/7 support, travel policy compliance","24, Watford Rd, Wembley, London, Greater London, HA03EP, United Kingdom","Online Booking Tools/Travel Technology, Travel Management Company/Agency","A Service Providing Company, Agri, Forestry, Fisheries, A Manufacturing Company, Automotive/Transportation, Banking, Finance, Insurance, Real Estate, Construction/ Engineering/Infrastructure/ Telecoms, Diversified Company, Government, Manufacturing, Media/Advertising/Communications/Marketing, Mining, Chem, Energy, Non-Profit Organization/NGO, Medical/Healthcare/Pharma, Education, Energy/Utilities/Mining, Other Manufacturing, Professional Services (Business, Legal, Consulting), Sports/Entertainment, Travel Mgmt Co/Agency/Meetings, Technology/Electronics, Trade/Non-Profit Organization, Travel, Tourism and Hospitality","Commitment to net zero, Carbon offsetting, Fighting plastic waste, Energy efficient, Clean energy",https://satgurutravel.com/,https://www.facebook.com/Satguru.ToursandTravels,https://www.linkedin.com/company/satguru-travel-uk/,https://www.instagram.com/satgurutravels/,N/A
FreeNow for Business,https://www.businesstravelshoweurope.com/exhibitors/freenow-business,Stand:  J60,Business travel made simple,"Harling House, Great Suffolk Street, London, SE1 0BS, United Kingdom",N/A,N/A,N/A,https://www.free-now.com/uk/business/business-trav,N/A,https://www.linkedin.com/company/free-now-for-business/,N/A,N/A
TRIPSTAX TECHNOLOGIES LIMITED,https://www.businesstravelshoweurope.com/exhibitors/tripstax-technologies-limited,Stand:  L50,N/A,"3rd Floor, 1 Ashley Road, Altrincham, Greater Manchester, WA14 2DT, United Kingdom","Online Booking Tools/Travel Technology, Reporting/Data Management/Analytics, Travel Risk Management/Duty of Care","Technology/Electronics, Travel Supplier (not Business Travel Agent)",N/A,https://tripstax.com,N/A,https://www.linkedin.com/company/tripstax,N/A,N/A
Lufthansa Group,https://www.businesstravelshoweurope.com/exhibitors/lufthansa-german-airlines,Stand:  K32,"The Group offers passengers a comprehensive route network, coordinated timetables and combinable fares, ensuring the greatest degree of flexibility.","World Business Centre 1, Newall Road, London Heathrow Airport, TW6 2FA, United Kingdom","Airline, Airline Alliance","Automotive/Transportation, Travel Supplier (not Business Travel Agent), Travel, Tourism and Hospitality","Commitment to net zero, Carbon offsetting, Fighting plastic waste, Energy efficient, Clean energy, Investing in communities",https://business.lufthansagroup.com/de/en/homepage,N/A,https://ch.linkedin.com/company/lufthansa-group-for-business,N/A,https://www.youtube.com/@lufthansa_group
FCM Meetings & Events,https://www.businesstravelshoweurope.com/exhibitors/fcm-meetings-events,Stand:  J30,N/A,N/A,Meetings/Incentive Travel,"A Service Providing Company, Agri, Forestry, Fisheries, A Manufacturing Company, Automotive/Transportation, Banking, Finance, Insurance, Real Estate, Construction/ Engineering/Infrastructure/ Telecoms, Media/Advertising/Communications/Marketing, Medical/Healthcare/Pharma, Education, Energy/Utilities/Mining, Professional Services (Business, Legal, Consulting), Sports/Entertainment, Travel Mgmt Co/Agency/Meetings, Technology/Electronics",N/A,https://www.fcmtravel.com/en-gb/what-we-do/meeting,N/A,N/A,N/A,N/A
3Sixty,https://www.businesstravelshoweurope.com/exhibitors/3sixty,Stand:  L91,"corporate account management, duty of care tools, curated options, flexible booking options","6525 240th Street SE, Woodinville, WA, 98072, United States","Serviced Apartments, Travel Management Company/Agency","Travel Mgmt Co/Agency/Meetings, Travel, Tourism and Hospitality","Commitment to net zero, Carbon offsetting, Energy efficient",https://moveto.stay3sixty.com/,https://www.facebook.com/stay3sixty/,https://www.linkedin.com/company/reside3sixty/,https://www.instagram.com/stay3sixty?fbclid=IwZXh0bgNhZW0CMTAAAR2qx3u68CWMZL8wHH3p1Oo9Yjbzu25gd1N8funAgvHg-iYZgr2K3LaH3w8_aem_ARfcsPHvnKlCIvmRfeyDQw1nMGb3PeSkjjcAgqTXVf8tbMFbdNrf9XBqF2I5cOeNfK2wJ7AMXbQoi5KrXxpnkXao,https://www.youtube.com/channel/UCGS3NK79ElAdJYacrTH_CSA
CMAC Group,https://www.businesstravelshoweurope.com/exhibitors/c-mac-partnership,Stand:  G20,N/A,"Suite 12, St James Square, Accrington, Lancashire, BB5 0RE, United Kingdom","Ground/Chauffeur Transportation, Hotel","A Service Providing Company, Automotive/Transportation, Government, Education, Sports/Entertainment, Travel Mgmt Co/Agency/Meetings, Technology/Electronics, Travel Supplier (not Business Travel Agent), Travel, Tourism and Hospitality","Commitment to net zero, Carbon offsetting, Investing in communities",https://www.cmacgroup.com/,https://www.facebook.com/CMACGroup,https://www.linkedin.com/company/cmac-group-uk/,N/A,N/A
Booking.com for Business,https://www.businesstravelshoweurope.com/exhibitors/bookingcom,Stand:  L26,"Enjoy exclusive business rates, earn loyalty points, and benefit from complimentary 24/7 support from the leading travel management company CWT.","Booking.com Amsterdam Campus, Oosterdokskade 163, Amsterdam, 1011 DL, Netherlands",Online Booking Tools/Travel Technology,"Travel Mgmt Co/Agency/Meetings, Technology/Electronics, Travel, Tourism and Hospitality",N/A,https://business.booking.com/?aid=2219852;label=BT,N/A,https://www.linkedin.com/showcase/booking.com-for-business/,N/A,N/A
Procon,https://www.businesstravelshoweurope.com/exhibitors/procon,Stand:  L25,Automate. Streamline. Excellence.,"Stationsparken 25, Glostrup, Glostrup, 2600, Denmark","Technology/Electronics, Travel Supplier (not Business Travel Agent)",N/A,N/A,https://www.proconsolution.com/,N/A,https://www.linkedin.com/company/procon-solution-a-s/mycompany/verification/?viewAsMember=true,N/A,N/A
Nomad eSIM,https://www.businesstravelshoweurope.com/exhibitors/lotusflare-inc,Stand:  K66,"Nomad eSIM Enterprise, the eSIMple way of business travel","2880 Lakeside Drive, Suite 331, Santa Clara, CA, 95054, United States",Expense Management Technology,"Technology/Electronics, Travel Supplier (not Business Travel Agent)",Energy efficient,https://www.getnomad.app,https://www.facebook.com/realnomadtravel/,https://www.linkedin.com/company/realnomadtravel/?viewAsMember=true,https://www.instagram.com/realnomadtravel/?hl=en,https://www.youtube.com/@realnomadtravel/videos
London City Airport,https://www.businesstravelshoweurope.com/exhibitors/london-city-airport,Stand:  AP14,The only Airport in the heart of London.,"City Aviation House, Hartmann Road, London, E16 2PX, United Kingdom","Airline, Airline Alliance, Charter Air/Corporate Jets","Travel, Tourism and Hospitality","Commitment to net zero, Carbon offsetting, Fighting plastic waste, Energy efficient, Investing in communities",https://www.londoncityairport.com,https://www.facebook.com/LondonCityAir/,https://www.linkedin.com/company/london-city-airport/,https://www.instagram.com/londoncityair/,https://www.youtube.com/LondonCityAir
Gett,https://www.businesstravelshoweurope.com/exhibitors/gt-gettaxi-uk-limited,Stand:  H68,"Access to >2000 fleets and >150,000 vehicles across the UK, easy-to-use app and platform, client account support from real humans","Floor 2, Elm Yard,, 13-16 Elm Street, London, WC1X 0BJ, United Kingdom","Ground/Chauffeur Transportation, Travel Management Company/Agency, Travel Risk Management/Duty of Care","Automotive/Transportation, Travel Mgmt Co/Agency/Meetings, Technology/Electronics, Travel Supplier (not Business Travel Agent), Travel, Tourism and Hospitality","Commitment to net zero, Carbon offsetting, Energy efficient, Investing in communities",https://www.gett.com/uk/,N/A,https://uk.linkedin.com/company/gettaxi,N/A,N/A
Minor Hotels,https://www.businesstravelshoweurope.com/exhibitors/nh-hotel-group-spain,Stand:  G50,530 hotels across 56 countries - 8 brands from mid-scale to luxury,"nhow London, nhow London Macclesfield road 2, London, United Kingdom, EC1V 8DG, United Kingdom",Hotel,"Travel, Tourism and Hospitality","Commitment to net zero, Carbon offsetting, Fighting plastic waste, Energy efficient, Clean energy, Investing in communities",https://www.nh-hotels.com/,https://www.facebook.com/NH.Hotels/,https://www.linkedin.com/company/nh-hotel-group,https://www.instagram.com/nhhotels/,https://www.youtube.com/nhhotelgroup
Delta Air Lines,https://www.businesstravelshoweurope.com/exhibitors/delta-airlines,Stand:  K73,N/A,United Kingdom,Airline,"Travel Supplier (not Business Travel Agent), Travel, Tourism and Hospitality","Commitment to net zero, Fighting plastic waste, Energy efficient, Investing in communities",https://www.delta.com/,https://www.facebook.com/delta/,https://www.linkedin.com/company/delta-air-lines,https://www.instagram.com/delta/,https://www.youtube.com/c/delta
Cirium,https://www.businesstravelshoweurope.com/exhibitors/lnrs-data-services-trading-cirium,Stand:  L70,N/A,"xxx, xxx, xxx, United Kingdom",N/A,N/A,N/A,https://www.asp.events/client,N/A,N/A,N/A,N/A
Staycity Group,https://www.businesstravelshoweurope.com/exhibitors/staycity,Stand:  G54,"Apartments with fully equipped kitchens/kitchenettes, living and dining spaces, combined with hotel quality amenities (24hrs reception, café, gym etc.","Exchange Tower, Mission Hall, 11 Mill Street, Dublin 8, D08 E30R, Ireland","Hotel, Serviced Apartments","Travel, Tourism and Hospitality","Commitment to net zero, Carbon offsetting, Fighting plastic waste, Energy efficient, Clean energy, Investing in communities",https://www.staycity.com,https://www.facebook.com/staycity,https://www.linkedin.com/company/staycity/,https://www.instagram.com/staycityco/,https://www.youtube.com/channel/UCCOiGo9BjhYi1N_BTg7N1Wg
Mesh Payments,https://www.businesstravelshoweurope.com/exhibitors/meshpay-inc,Stand:  G30,"BYO-travel agency (Bring-your-own-Travel Agency) With multi-agency support, Mesh gives you the flexibility you need to accommodate a broad spectrum of","1350 Broadway 24th Floor, Suite 2400, New York, NY, 10018, United States","Credit Cards/Payment Systems, Expense Management Technology, Online Booking Tools/Travel Technology","A Service Providing Company, Agri, Forestry, Fisheries, A Manufacturing Company, Automotive/Transportation, Banking, Finance, Insurance, Real Estate, Construction/ Engineering/Infrastructure/ Telecoms, Diversified Company, Government, Manufacturing, Media/Advertising/Communications/Marketing, Mining, Chem, Energy, Non-Profit Organization/NGO, Medical/Healthcare/Pharma, Education, Energy/Utilities/Mining, Other Manufacturing, Professional Services (Business, Legal, Consulting), Sports/Entertainment, Travel Mgmt Co/Agency/Meetings, Technology/Electronics, Trade/Non-Profit Organization, Travel Supplier (not Business Travel Agent)","Commitment to net zero, Carbon offsetting, Fighting plastic waste, Energy efficient, Clean energy, Investing in communities",https://meshpayments.com/,N/A,https://www.linkedin.com/company/meshpayments/,N/A,N/A
PointA Hotels (Web) Ltd,https://www.businesstravelshoweurope.com/exhibitors/pointa-hotels-web,Stand:  AV1,affordable accommodation in key locations with friendly service,"3rd Floor, 247–249 Cromwell Road,, 3rd Floor, 247–249 Cromwell Road,, London,, SW5 9GA, United Kingdom",Hotel,"Travel, Tourism and Hospitality","Fighting plastic waste, Energy efficient, Investing in communities",https://www.pointahotels.com/,N/A,https://www.linkedin.com/company/pointahotels/,N/A,N/A
SQUAKE,https://www.businesstravelshoweurope.com/exhibitors/squake-earth,Stand:  K31,N/A,"SQUAKE HQ, Brunnenstr. 19-21, Berlin, Berlin, 10119, Germany",None of the Above,"Automotive/Transportation, Banking, Finance, Insurance, Real Estate, Diversified Company, Professional Services (Business, Legal, Consulting), Travel Mgmt Co/Agency/Meetings, Technology/Electronics, Travel Supplier (not Business Travel Agent), Travel, Tourism and Hospitality","Commitment to net zero, Carbon offsetting, Energy efficient, Clean energy, Investing in communities",https://www.squake.earth/,N/A,https://www.linkedin.com/company/squake/about,N/A,N/A
TravelitGlobal,https://www.businesstravelshoweurope.com/exhibitors/travelitglobal,Stand:  L30,"Technology that actually works the way it supposed to, at a price well below expectations.","One Crown Square, Church Street East, Woking, GU21 6HR, United Kingdom","Expense Management Technology, Online Booking Tools/Travel Technology, Travel Management Company/Agency","A Service Providing Company, A Manufacturing Company, Automotive/Transportation, Banking, Finance, Insurance, Real Estate, Construction/ Engineering/Infrastructure/ Telecoms, Government, Manufacturing, Media/Advertising/Communications/Marketing, Mining, Chem, Energy, Non-Profit Organization/NGO, Medical/Healthcare/Pharma, Education, Energy/Utilities/Mining, Professional Services (Business, Legal, Consulting), Sports/Entertainment","Carbon offsetting, Energy efficient, Investing in communities",https://travelitglobal.com/,N/A,https://www.linkedin.com/company/travelitglobal/,N/A,N/A
Advanced Travel Partners UK Ltd,https://www.businesstravelshoweurope.com/exhibitors/advanced-travel-partners-uk,Stand:  J50,Award-winning travel and event solutions for businesses of all sizes operating in a variety of specialist sectors around the world,"The Royals, 353 Altrincham Road, Manchester, M22 4BJ, United Kingdom",Travel Management Company/Agency,"Energy/Utilities/Mining, Professional Services (Business, Legal, Consulting), Sports/Entertainment","Commitment to net zero, Carbon offsetting, Fighting plastic waste, Energy efficient, Clean energy, Investing in communities",https://www.atpi.com/,https://www.facebook.com/atpitravel,https://www.linkedin.com/company/atpi,https://www.instagram.com/atpitravel/,https://www.youtube.com/@ATPIUK
Le Bas International (UK) Ltd,https://www.businesstravelshoweurope.com/exhibitors/le-bas-international-uk,Stand:  F45,Global Reach. Personal Touch.,"Churchill Court, 3 Manor Royal, Crawley, West Sussex, RH10 9LU, United Kingdom",Charter Air/Corporate Jets,"A Service Providing Company, Agri, Forestry, Fisheries, A Manufacturing Company, Automotive/Transportation, Banking, Finance, Insurance, Real Estate, Construction/ Engineering/Infrastructure/ Telecoms, Diversified Company, Government, Manufacturing, Media/Advertising/Communications/Marketing, Mining, Chem, Energy, Non-Profit Organization/NGO, Medical/Healthcare/Pharma, Education, Energy/Utilities/Mining, Other Manufacturing, Professional Services (Business, Legal, Consulting), Sports/Entertainment, Travel Mgmt Co/Agency/Meetings, Technology/Electronics, Trade/Non-Profit Organization, Travel Supplier (not Business Travel Agent), Travel, Tourism and Hospitality, Wholesale/Retail/Dist (Non-Travel)",N/A,https://www.lebas.com/,N/A,N/A,N/A,N/A
Corporate Traveller,https://www.businesstravelshoweurope.com/exhibitors/corporate-traveller,Stand:  H31,We cater exclusively to businesses with a travel programme spend of less than £3m a year.,"120 The Broadway, Wimbledon, London, SW19 1RH, United Kingdom","Online Booking Tools/Travel Technology, Travel Management Company/Agency","Banking, Finance, Insurance, Real Estate, Construction/ Engineering/Infrastructure/ Telecoms, Diversified Company, Manufacturing, Media/Advertising/Communications/Marketing, Mining, Chem, Energy, Non-Profit Organization/NGO, Medical/Healthcare/Pharma, Energy/Utilities/Mining, Professional Services (Business, Legal, Consulting), Sports/Entertainment, Travel Mgmt Co/Agency/Meetings, Technology/Electronics, Trade/Non-Profit Organization, Travel Supplier (not Business Travel Agent), Travel, Tourism and Hospitality, Wholesale/Retail/Dist (Non-Travel)",N/A,https://www.corptraveller.com/en-gb,https://www.facebook.com/corptraveller/,https://www.linkedin.com/company/corporate-traveller-uk/,N/A,https://www.youtube.com/@corporatetravelleruk711
Airwallex,https://www.businesstravelshoweurope.com/exhibitors/airwallex,Stand:  L66,N/A,N/A,N/A,N/A,N/A,https://www.asp.events/client,N/A,N/A,N/A,N/A
Clarasight,https://www.businesstravelshoweurope.com/exhibitors/clarasight,Stand:  L90,Reduce your business travel emissions without reducing revenue,"169 Madison Ave #2121, New York, NY, 10016, United States",Reporting/Data Management/Analytics,"A Service Providing Company, Agri, Forestry, Fisheries, A Manufacturing Company, Automotive/Transportation, Banking, Finance, Insurance, Real Estate, Construction/ Engineering/Infrastructure/ Telecoms, Diversified Company, Government, Manufacturing, Media/Advertising/Communications/Marketing, Mining, Chem, Energy, Non-Profit Organization/NGO, Medical/Healthcare/Pharma, Education, Energy/Utilities/Mining, Other Manufacturing, Professional Services (Business, Legal, Consulting), Sports/Entertainment, Travel Mgmt Co/Agency/Meetings, Technology/Electronics, Trade/Non-Profit Organization, Travel Supplier (not Business Travel Agent), Travel, Tourism and Hospitality, Wholesale/Retail/Dist (Non-Travel)",Commitment to net zero,https://www.Clarasight.com,N/A,https://www.linkedin.com/company/clarasight-cpa,N/A,N/A
Amadeus,https://www.businesstravelshoweurope.com/exhibitors/amadeus-services-uk,Stand:  H24,N/A,United Kingdom,"Expense Management Technology, Global Distribution System/Content Aggregators, Online Booking Tools/Travel Technology","Travel, Tourism and Hospitality",N/A,https://cytric.amadeus.com/en,N/A,https://www.linkedin.com/showcase/amadeus-corporate-travel-solutions/,N/A,N/A
Eurostar International,https://www.businesstravelshoweurope.com/exhibitors/eurostar-international,Stand:  H60,Travel doesn't have to cost the Earth,"Kings Place, 6th Floor, Eurostar International, 6th Floor Kings Place, 90 York Way, London, N1 9AG, United Kingdom",Rail,"Automotive/Transportation, Travel Supplier (not Business Travel Agent), Travel, Tourism and Hospitality","Carbon offsetting, Fighting plastic waste, Energy efficient, Clean energy, Investing in communities",https://www.eurostar.com/uk-en/corporate-fares,N/A,https://www.linkedin.com/company/eurostar/mycompany/verification/,https://www.instagram.com/eurostar/?hl=en,http://www.youtube.com/@eurostarofficial
London North Eastern Railway Ltd,https://www.businesstravelshoweurope.com/exhibitors/london-north-eastern-railway,Stand:  j75,Sustainable Long Distance Rail Travel within the UK,"West Offices, Station Rise, York, West Offices, Station Rise, York, YO1 6GA, United Kingdom","Meetings/Incentive Travel, Rail","Travel Mgmt Co/Agency/Meetings, Travel Supplier (not Business Travel Agent), Travel, Tourism and Hospitality","Commitment to net zero, Energy efficient, Investing in communities",https://www.lner.co.uk/,N/A,N/A,N/A,N/A
Sixt Rent A Car Limited,https://www.businesstravelshoweurope.com/exhibitors/sixt-rent-car-limited,Stand:  L70,N/A,"Sixt House, 5 Langley Quay, Slough, SL3 6EY, United Kingdom","Car Rental, Fleet",N/A,N/A,https://www.asp.events/client,N/A,N/A,N/A,N/A
Chapman Freeborn Airchartering Ltd,https://www.businesstravelshoweurope.com/exhibitors/chapman-freeborn-airchartering,Stand:  AP11,N/A,"3 City Place, Beehive Ring Road, Gatwick, RH6 0PA, United Kingdom",N/A,N/A,N/A,https://www.asp.events/client,N/A,N/A,N/A,N/A
TroopTravel,https://www.businesstravelshoweurope.com/exhibitors/trooptravel,Stand:  G40,Better meetings start here,"Camino Vallepardo 41, Camino Vallepardo 41, Villanueva del Pardillo, 28229, Spain","Meetings Management Technology, Meetings/Incentive Travel, Online Booking Tools/Travel Technology",Travel Mgmt Co/Agency/Meetings,"Commitment to net zero, Carbon offsetting",https://trooptravel.com/,N/A,https://www.linkedin.com/company/trooptravel,N/A,N/A
Clarity,https://www.businesstravelshoweurope.com/exhibitors/clarity,Stand:  J41,"Single supplier for travel, meetings and events, game-changing technology, sustainable events accreditation, distinction-graded customer service.","Broadhurst House, 4th Floor,, 56 Oxford St, Manchester, M1 6EU, United Kingdom",Travel Management Company/Agency,"Banking, Finance, Insurance, Real Estate, Construction/ Engineering/Infrastructure/ Telecoms, Government, Manufacturing, Media/Advertising/Communications/Marketing, Non-Profit Organization/NGO, Medical/Healthcare/Pharma, Education, Energy/Utilities/Mining, Other Manufacturing, Professional Services (Business, Legal, Consulting), Sports/Entertainment, Travel Mgmt Co/Agency/Meetings","Carbon offsetting, Investing in communities",https://claritybusinesstravel.com/,N/A,https://www.linkedin.com/company/clarity-business-travel/,https://www.instagram.com/clarity_bt,https://www.youtube.com/@ClaritytmUk
Southwest Airlines,https://www.businesstravelshoweurope.com/exhibitors/southwest-airlines,Stand:  ap2,N/A,"2702 Love Field Drive, Po Box 36611 5,P, Dallas, TX, 75235, United States",N/A,N/A,N/A,https://www.asp.events/client,N/A,N/A,N/A,N/A
American Express Global Business Travel,https://www.businesstravelshoweurope.com/exhibitors/american-express-gbt,"Stand:  H40, H30",N/A,"666 3rd Ave 4th Floor, New York, NY, 10017, United States","Meetings Management Technology, Online Booking Tools/Travel Technology, Travel Management Company/Agency","A Service Providing Company, Agri, Forestry, Fisheries, A Manufacturing Company, Automotive/Transportation, Banking, Finance, Insurance, Real Estate, Construction/ Engineering/Infrastructure/ Telecoms, Diversified Company, Government, Manufacturing, Media/Advertising/Communications/Marketing, Mining, Chem, Energy, Non-Profit Organization/NGO, Medical/Healthcare/Pharma, Education, Energy/Utilities/Mining, Other Manufacturing, Professional Services (Business, Legal, Consulting), Sports/Entertainment, Technology/Electronics, Trade/Non-Profit Organization, Wholesale/Retail/Dist (Non-Travel)","Commitment to net zero, Carbon offsetting, Fighting plastic waste, Energy efficient, Clean energy, Investing in communities",https://www.amexglobalbusinesstravel.com/,N/A,https://www.linkedin.com/company/american-express-global-business-travel/,https://www.instagram.com/amexgbt/?hl=en,N/A
Melia Hotels International S.A.,https://www.businesstravelshoweurope.com/exhibitors/melia-hotels-international-s,Stand:  F31,N/A,"Gremi Boters, 24,Poligon Son Castello, Albany Street Lomondo LTD, LONDON, UK, nw13up, United Kingdom","Hotel, Meetings/Incentive Travel, Serviced Apartments",Travel Supplier (not Business Travel Agent),"Commitment to net zero, Carbon offsetting, Fighting plastic waste, Energy efficient, Clean energy, Investing in communities",https://www.melia.com/en/home.htm,http://hTTPS://www.facebook.com/MeliaHotelsInternational,https://www.linkedin.com/company/melia-hotels-international/mycompany/,N/A,https://www.youtube.com/channel/UCIslJhf4yPT7UMMPrHIa94w
Limos4 GmbH,https://www.businesstravelshoweurope.com/exhibitors/limos4-gmbh,Stand:  J76,Crafting Exceptional Corporate Mobility through Pioneering Quality Management,"Bahnhofstrasse 7, 9470 Buchs, Switzerland, 9470 Buchs, Switzerland",Ground/Chauffeur Transportation,"Automotive/Transportation, Travel Supplier (not Business Travel Agent), Travel, Tourism and Hospitality",N/A,https://www.limos4.com,https://www.facebook.com/limos4,https://www.linkedin.com/company/limos4/,https://www.instagram.com/limos4_net/,https://www.youtube.com/c/Limos4Net
JetBlue c/o Discover Momentum International LLC,https://www.businesstravelshoweurope.com/exhibitors/jetblue-c-o-discover-momentum-international-llc,Stand:  H71,N/A,"Studio WG06, VOX Studios,, 1-45 Durham Street, London, SE11 5JH, United Kingdom",N/A,N/A,N/A,https://www.asp.events/client,N/A,N/A,N/A,N/A
Inntel,https://www.businesstravelshoweurope.com/exhibitors/inntel,Stand:  H71,We shape our services to solve your travel requirements,"Inntel House Threshelfords Business, Park Inworth Road, Feering, ESSEX, CO5 9SE, United Kingdom","Meetings Management Technology, Online Booking Tools/Travel Technology, Travel Management Company/Agency","A Service Providing Company, A Manufacturing Company, Automotive/Transportation, Banking, Finance, Insurance, Real Estate, Construction/ Engineering/Infrastructure/ Telecoms, Manufacturing, Media/Advertising/Communications/Marketing, Energy/Utilities/Mining, Other Manufacturing, Professional Services (Business, Legal, Consulting), Travel Mgmt Co/Agency/Meetings, Technology/Electronics, Travel, Tourism and Hospitality, Wholesale/Retail/Dist (Non-Travel)",N/A,https://www.inntel.co.uk/,https://www.facebook.com/profile.php?id=61552090319308,https://www.linkedin.com/company/inntel-ltd,https://www.instagram.com/inntel_uk/,N/A
Zeelo,https://www.businesstravelshoweurope.com/exhibitors/zeelo,Stand:  H83,N/A,"Zeelo, 125 Kingsway, Zeelo, 125 Kingsway, London, WC2B 6NH, United Kingdom",N/A,N/A,N/A,https://www.asp.events/client,N/A,N/A,N/A,N/A
TAG,https://www.businesstravelshoweurope.com/exhibitors/tag-global-travel-event-management-company,Stand:  K61,"High-touch, dedicated offline service with bespoke online technology","The Linen House, 253 Kilburn Lane, London, W10 4BQ, United Kingdom","Meetings/Incentive Travel, Reporting/Data Management/Analytics, Travel Management Company/Agency","Banking, Finance, Insurance, Real Estate, Media/Advertising/Communications/Marketing, Professional Services (Business, Legal, Consulting), Sports/Entertainment, Travel Mgmt Co/Agency/Meetings, Travel, Tourism and Hospitality","Commitment to net zero, Carbon offsetting, Investing in communities",https://www.tag-group.com/group,https://www.facebook.com/tagtravelgroup/,https://www.linkedin.com/company/tagtravelgroup/,https://www.instagram.com/tagtravelgroup/,N/A
SAP Concur,https://www.businesstravelshoweurope.com/exhibitors/concur-technologies-uk,Stand:  J61,N/A,"Feltham Clockhouse Place, Bedfont Road, Feltham, TW14 8HD, United Kingdom","Expense Management Technology, Online Booking Tools/Travel Technology, Reporting/Data Management/Analytics","Automotive/Transportation, Banking, Finance, Insurance, Real Estate, Construction/ Engineering/Infrastructure/ Telecoms, Government, Manufacturing, Mining, Chem, Energy, Non-Profit Organization/NGO, Medical/Healthcare/Pharma, Education, Energy/Utilities/Mining, Professional Services (Business, Legal, Consulting), Sports/Entertainment, Technology/Electronics, Wholesale/Retail/Dist (Non-Travel)",N/A,https://www.concur.com/en-us/travel-booking,N/A,https://www.linkedin.com/company/sapconcur/,N/A,N/A
Premier Inn,https://www.businesstravelshoweurope.com/exhibitors/premier-inn,Stand:  H71,N/A,",Suite 1, Lower Ground Floor, One George Yard, London, EC3V 9DF, United Kingdom",N/A,N/A,N/A,https://www.asp.events/client,N/A,N/A,N/A,N/A
BCD Travel,https://www.businesstravelshoweurope.com/exhibitors/bcd-travel,Stand:  H41,"We simplify managed business travel, showing clients how to combine capabilities & services to deliver and improve program goals","55 Old Broad Street, London, EC2M 1GT, United Kingdom","Consulting Services, Travel Management Company/Agency, Travel Risk Management/Duty of Care",Travel Mgmt Co/Agency/Meetings,"Commitment to net zero, Carbon offsetting, Investing in communities",https://www.bcdtravel.com,https://www.facebook.com/bcdtravel/,https://www.linkedin.com/company/bcd-travel/,https://www.instagram.com/bcdtravel/,https://www.youtube.com/@bcd-travel/
BWH Hotels,https://www.businesstravelshoweurope.com/exhibitors/bwh-hotel-group,Stand:  F77,N/A,"Consort House, Amy Johnson Way, Clifton Moor, York, North Yorkshire, YO30 4GP, United Kingdom","Hotel, Meetings/Incentive Travel","Travel, Tourism and Hospitality","Fighting plastic waste, Energy efficient, Investing in communities",https://www.bestwestern.co.uk,https://www.facebook.com/BestWesternGB,https://www.linkedin.com/company/bwh-hotels-gb/,https://www.instagram.com/bestwesternhotelsgb/,https://www.youtube.com/user/bestwesterngb
Corporate Travel Management Ltd,https://www.businesstravelshoweurope.com/exhibitors/corporate-travel-management,Stand:  J21,N/A,"Rex Building, Ground Floor 62 Queen Street, London, EC4R 1EB, United Kingdom","Online Booking Tools/Travel Technology, Travel Management Company/Agency, Travel Risk Management/Duty of Care","A Service Providing Company, Banking, Finance, Insurance, Real Estate, Construction/ Engineering/Infrastructure/ Telecoms, Government, Manufacturing, Mining, Chem, Energy, Non-Profit Organization/NGO, Medical/Healthcare/Pharma, Education, Energy/Utilities/Mining, Professional Services (Business, Legal, Consulting), Sports/Entertainment, Travel Mgmt Co/Agency/Meetings, Trade/Non-Profit Organization, Travel Supplier (not Business Travel Agent), Travel, Tourism and Hospitality",Carbon offsetting,https://uk.travelctm.com/,https://www.facebook.com/corporatetravelmanagementUK,https://www.linkedin.com/company/corporate-travel-management-uk/,https://www.instagram.com/travelctm_uk/,https://www.youtube.com/channel/UCha1mzh4Vq2wrB8NuJSVq4g
Travel Counsellors,https://www.businesstravelshoweurope.com/exhibitors/travel-counsellors,Stand:  H25,"Our personalised, people-first approach ensures a seamless experience for all your business travel needs.","Venus, No1 Old Park Lane, Trafford City,, No1 Old Park Lane, Manchester, M41 7HA, United Kingdom","Online Booking Tools/Travel Technology, Reporting/Data Management/Analytics, Travel Management Company/Agency","A Service Providing Company, Agri, Forestry, Fisheries, A Manufacturing Company, Automotive/Transportation, Banking, Finance, Insurance, Real Estate, Construction/ Engineering/Infrastructure/ Telecoms, Diversified Company, Manufacturing, Media/Advertising/Communications/Marketing, Mining, Chem, Energy, Medical/Healthcare/Pharma, Energy/Utilities/Mining, Other Manufacturing, Professional Services (Business, Legal, Consulting), Sports/Entertainment, Travel Mgmt Co/Agency/Meetings, Technology/Electronics, Travel, Tourism and Hospitality","Carbon offsetting, Fighting plastic waste, Energy efficient, Investing in communities",https://business.travelcounsellors.com/gb/,https://www.facebook.com/TravelCounsellors,https://www.linkedin.com/showcase/travel-counsellors-for-business/,N/A,https://www.youtube.com/c/TravelCounsellorsLimited/featured
FCM Travel,https://www.businesstravelshoweurope.com/exhibitors/fcm-travel-solutions,Stand:  J30,N/A,"322 High Holborn, Level 5, London, WC1V 7PB, United Kingdom",Travel Management Company/Agency,"Agri, Forestry, Fisheries, A Manufacturing Company, Automotive/Transportation, Banking, Finance, Insurance, Real Estate, Construction/ Engineering/Infrastructure/ Telecoms, Government, Manufacturing, Mining, Chem, Energy, Medical/Healthcare/Pharma, Education, Energy/Utilities/Mining, Professional Services (Business, Legal, Consulting), Technology/Electronics","Commitment to net zero, Carbon offsetting, Fighting plastic waste, Investing in communities",https://www.fcmtravel.com/en-gb,N/A,https://www.linkedin.com/company/fcm-travel-uk/,N/A,N/A
Citizen M,https://www.businesstravelshoweurope.com/exhibitors/citizen-m,Stand:  MP4,"Work, stay and play in 36 hotels across three continents. All located in iconic cities – all built for business travellers, just like you.","citizenM Support Office, Leidseweg 219, Voorschoten, Netherlands, 2253 AE, Netherlands",Hotel,"Travel, Tourism and Hospitality","Commitment to net zero, Carbon offsetting, Fighting plastic waste, Energy efficient, Clean energy, Investing in communities",https://www.citizenm.com/,https://www.facebook.com/citizenMNL/,https://www.linkedin.com/company/citizenm/,https://www.instagram.com/citizenm/,https://www.youtube.com/@citizenm
China Airlines,https://www.businesstravelshoweurope.com/exhibitors/china-airlines,Stand:  AP4,N/A,"Minstrel House, 1F,, 2 Chapel Place, Rivington Street, EC2A 3DQ, United Kingdom",Airline,"A Service Providing Company, Agri, Forestry, Fisheries, A Manufacturing Company, Automotive/Transportation, Banking, Finance, Insurance, Real Estate, Construction/ Engineering/Infrastructure/ Telecoms, Diversified Company, Government, Manufacturing, Media/Advertising/Communications/Marketing, Mining, Chem, Energy, Non-Profit Organization/NGO, Medical/Healthcare/Pharma, Education, Energy/Utilities/Mining, Other Manufacturing, Professional Services (Business, Legal, Consulting), Sports/Entertainment, Travel Mgmt Co/Agency/Meetings, Technology/Electronics, Trade/Non-Profit Organization, Travel Supplier (not Business Travel Agent), Travel, Tourism and Hospitality, Wholesale/Retail/Dist (Non-Travel)","Commitment to net zero, Carbon offsetting, Fighting plastic waste, Energy efficient, Clean energy, Investing in communities",https://www.china-airlines.com/uk/en,https://www.facebook.com/ChinaAirlinesUK,https://www.linkedin.com/company/64996089,https://www.instagram.com/chinaairlines.uk/,https://www.youtube.com/@TheCHINAAIRLINES
Unlocked Data,https://www.businesstravelshoweurope.com/exhibitors/unlocked-data,Stand:  L66,N/A,"35 Martins Wood, Chineham, Basingstoke, Hants., RG24 8TR, United Kingdom",N/A,N/A,N/A,https://www.asp.events/client,N/A,N/A,N/A,N/A
Mastercard Europe SA,https://www.businesstravelshoweurope.com/exhibitors/mastercard-europe-sa,Stand:  K62,"We work to connect and power an inclusive digital economy that benefits everyone, everywhere by making transactions safe, simple, smart and accessible","Accounts Payable department, Chaussee De Tervuren 198 A, Waterloo, Belgium",Credit Cards/Payment Systems,"A Service Providing Company, Agri, Forestry, Fisheries, A Manufacturing Company, Automotive/Transportation, Banking, Finance, Insurance, Real Estate, Construction/ Engineering/Infrastructure/ Telecoms, Diversified Company, Government, Manufacturing, Media/Advertising/Communications/Marketing, Mining, Chem, Energy, Non-Profit Organization/NGO, Medical/Healthcare/Pharma, Education, Energy/Utilities/Mining, Other Manufacturing, Professional Services (Business, Legal, Consulting), Sports/Entertainment, Travel Mgmt Co/Agency/Meetings, Technology/Electronics, Trade/Non-Profit Organization, Travel Supplier (not Business Travel Agent), Travel, Tourism and Hospitality, Wholesale/Retail/Dist (Non-Travel)","Commitment to net zero, Carbon offsetting, Energy efficient, Investing in communities",https://www.mastercard.com/global/en.html,https://www.facebook.com/Mastercard,https://www.linkedin.com/company/mastercard/,https://www.instagram.com/mastercardeurope/,https://www.youtube.com/user/mastercard
Travel Operations,https://www.businesstravelshoweurope.com/exhibitors/travel-operations,Stand:  L51,N/A,N/A,N/A,N/A,N/A,https://www.asp.events/client,N/A,N/A,N/A,N/A
InterContinental Barcelona & Madrid,https://www.businesstravelshoweurope.com/exhibitors/intercontinental-barcelona,Stand:  L91,"Biggest rooms in town, Sunday brunch, Fine-dining, award-winning facilities, 24 hour gym, Spa, Terrace, are just a few of the temptations...","InterContinental Barcelona & Madrid, BCN: Avenida Rius y Taulet 1-3, 08004, MAD: Paseo de la Castellana, 49  28046, Barcelona & Madrid, Spain, 08004 & 28046, Spain",Hotel,"Automotive/Transportation, Banking, Finance, Insurance, Real Estate, Construction/ Engineering/Infrastructure/ Telecoms, Government, Media/Advertising/Communications/Marketing, Mining, Chem, Energy, Medical/Healthcare/Pharma, Education, Energy/Utilities/Mining, Professional Services (Business, Legal, Consulting), Sports/Entertainment, Travel Mgmt Co/Agency/Meetings, Technology/Electronics, Travel Supplier (not Business Travel Agent), Travel, Tourism and Hospitality","Carbon offsetting, Fighting plastic waste, Energy efficient, Clean energy, Investing in communities",https://www.ihg.com/hotels/us/en/reservation,N/A,N/A,N/A,N/A
JTB Business Travel,https://www.businesstravelshoweurope.com/exhibitors/jtb-business-travel,Stand:  G24,"From Planning and Booking to In-trip Experiences and Post-trip Expense Reporting Support, We Empower Your Business.","Standon House, 1st Floor, 21 Mansell Street, London, England, E1 8AA, United Kingdom",Travel Management Company/Agency,Travel Mgmt Co/Agency/Meetings,N/A,https://jtbbusinesstravel.com/,N/A,https://www.linkedin.com/company/jtbbusinesstravel/,https://www.instagram.com/JTBBizTravel/,https://www.youtube.com/@JTBBizTravel
Barcelo Gestion Hotelera Sl,https://www.businesstravelshoweurope.com/exhibitors/barcelo-gestion-hotelera-sl,Stand:  L70,N/A,"C/ Jose Rover Motta 27, C/ Jose Rover Motta 27, 070006 Palma de Mallorca, ANASTASIOA, Spain",Hotel,N/A,N/A,https://www.asp.events/client,N/A,N/A,N/A,N/A
Navan Labs UK Ltd,https://www.businesstravelshoweurope.com/exhibitors/navan-labs-uk,Stand:  J40,The only integrated business travel and expense solution,"Ground Floor, 26 Hatton Garden, London, EC1N 8BR, United States","Expense Management Technology, Online Booking Tools/Travel Technology, Travel Management Company/Agency","A Manufacturing Company, Automotive/Transportation, Banking, Finance, Insurance, Real Estate, Construction/ Engineering/Infrastructure/ Telecoms, Diversified Company, Manufacturing, Media/Advertising/Communications/Marketing, Energy/Utilities/Mining, Sports/Entertainment, Travel Mgmt Co/Agency/Meetings, Technology/Electronics, Travel, Tourism and Hospitality","Commitment to net zero, Carbon offsetting",https://navan.com/uk,N/A,https://www.linkedin.com/company/navan/,https://www.instagram.com/getnavan/?hl=en,https://www.youtube.com/channel/UCCZdBlrqsmZLXAKF9nTtAbA
Apex Hotels,https://www.businesstravelshoweurope.com/exhibitors/apex-hotels,Stand:  L91,4* Deluxe city-centre business hotels,"Apex Hotels House,, 1 Mid New Cultins, Edinburgh, Scotland, EH11 4DH, United Kingdom",N/A,N/A,N/A,https://www.apexhotels.co.uk/,https://www.facebook.com/apexhotels/,https://www.linkedin.com/company/apex-hotels/mycompany/,https://www.instagram.com/apexhotels/,N/A
Blacklane,https://www.businesstravelshoweurope.com/exhibitors/blacklane-gmbh,Stand:  G52,Your Global Chauffeur Service,"Blacklane, Farrer & Co 65-66 Lincoln's Inn Fields, London, WC2A 3LH, United Kingdom",Ground/Chauffeur Transportation,"Banking, Finance, Insurance, Real Estate, Media/Advertising/Communications/Marketing, Energy/Utilities/Mining, Professional Services (Business, Legal, Consulting), Travel Mgmt Co/Agency/Meetings, Technology/Electronics","Commitment to net zero, Carbon offsetting, Fighting plastic waste, Energy efficient",https://www.blacklane.com/en/business/,https://www.facebook.com/Blacklane,https://www.linkedin.com/company/blacklane-gmbh,https://www.instagram.com/blacklane/?hl=en,N/A
Choice Hotels Licensing B.V.,https://www.businesstravelshoweurope.com/exhibitors/choice-hotels-licensing-bv,Stand:  g44,"7,500 hotels, 22 brands, 47 countries,","35 New Broad Street, London, EC2M 1NH, United Kingdom","Hotel, Meetings/Incentive Travel","Sports/Entertainment, Travel Mgmt Co/Agency/Meetings, Travel, Tourism and Hospitality",Energy efficient,https://www.choicehotels.com,https://www.facebook.com/ChoiceHotelsUnitedKingdom,https://www.linkedin.com/company/choicehotelsemea,https://www.instagram.com/choicehotelseurope/,https://www.youtube.com/watch?v=rubozF79DOA
AirPlus International Ltd,https://www.businesstravelshoweurope.com/exhibitors/airplus-international,Stand:  H64,"To those seeking to master complexity, we are the global partner with trusted expertise that makes corporate payment, not just simple, but smart.","Building 4, Chiswick Park, 566 Chiswick High Road, London, W4 5YE, United Kingdom","Credit Cards/Payment Systems, Reporting/Data Management/Analytics","Banking, Finance, Insurance, Real Estate","Commitment to net zero, Carbon offsetting, Energy efficient, Clean energy, Investing in communities",https://www.airplus.com/uk/en/,N/A,https://www.linkedin.com/company/airplus/,N/A,https://www.youtube.com/airplusintl
Amex GBT Meetings & Events,https://www.businesstravelshoweurope.com/exhibitors/american-express-meetings-events,Stand:  H30,N/A,"5 Churchill Place, 1100 High Road, Whetstone, Default, N200qx, United Kingdom","Meetings/Incentive Travel, Travel Management Company/Agency","A Service Providing Company, Agri, Forestry, Fisheries, A Manufacturing Company, Automotive/Transportation, Banking, Finance, Insurance, Real Estate, Construction/ Engineering/Infrastructure/ Telecoms, Diversified Company, Government, Manufacturing, Media/Advertising/Communications/Marketing, Mining, Chem, Energy, Non-Profit Organization/NGO, Medical/Healthcare/Pharma, Education, Energy/Utilities/Mining, Other Manufacturing, Professional Services (Business, Legal, Consulting), Sports/Entertainment, Travel Mgmt Co/Agency/Meetings, Technology/Electronics","Commitment to net zero, Carbon offsetting, Fighting plastic waste, Energy efficient, Clean energy, Investing in communities",https://www.amexglobalbusinesstravel.com/,N/A,https://www.linkedin.com/company/american-express-global-business-travel/,https://www.instagram.com/amexgbt/,N/A
Nexus Vehicle Management,https://www.businesstravelshoweurope.com/exhibitors/nexus-vehicle-management,Stand:  L42,The largest B2B corporate vehicle rental platform,"NEXUS VEHICLE MANAGEMENT 141 RICHARDSHAW LANE STAN, Leeds, West Yorkshire, LS28 6AA, United Kingdom","Car Rental, Fleet, Online Booking Tools/Travel Technology",A Service Providing Company,Carbon offsetting,https://www.nexusrental.co.uk,N/A,N/A,N/A,N/A
Star Alliance,https://www.businesstravelshoweurope.com/exhibitors/star-alliance,Stand:  G21,N/A,"South African Airways 5th Floor Elsinore House, 77 Fulham Palace Road, London, W6 8AD, United Kingdom",N/A,N/A,N/A,https://www.asp.events/client,N/A,N/A,N/A,N/A
TRANSPENNINE Express,https://www.businesstravelshoweurope.com/exhibitors/transpennine-trains-limited,Stand:  j75,N/A,"7TH FLOOR, BRIDGEWATER HOUSE, 60 Whitworth Street, Manchester, Please select...., M1 6LT, United Kingdom",Automotive/Transportation,"Commitment to net zero, Carbon offsetting, Fighting plastic waste, Energy efficient, Clean energy, Investing in communities",", Loading, 
									15 May 2024
								, 
									15 May 2024
								",https://www.tpexpress.co.uk,N/A,N/A,N/A,N/A
Roomex.com For Business,https://www.businesstravelshoweurope.com/exhibitors/roomexcom-business,Stand:  L44,N/A,"A1, Nutgrove Office Park, A1, Nutgrove Office Park, Rathfarnham, D14H5C7, Ireland",N/A,N/A,N/A,https://www.asp.events/client,N/A,N/A,N/A,N/A
British Airways,https://www.businesstravelshoweurope.com/exhibitors/british-airways,Stand:  H54,N/A,"48 Olive Road, Ealing, London, W5 4JH, United Kingdom",N/A,N/A,N/A,https://www.asp.events/client,N/A,N/A,N/A,N/A
ITA Airways,https://www.businesstravelshoweurope.com/exhibitors/ita-airways,Stand:  AP6,N/A,"Office C2:16, City Aviation House, London City Airport, Royal Docks, London, E16 2PB, United Kingdom",Airline,"Travel Supplier (not Business Travel Agent), Travel, Tourism and Hospitality",", Loading, 
									10 May 2024
								, 
									29 Mar 2024
								, 
									26 Sep 2023
								, 
									13 Mar 2024
								, 
									19 Feb 2024
								, 
									05 Apr 2024
								, 
									08 Apr 2024
								, 
									07 Apr 2024
								, 
									06 Mar 2024
								",https://www.ita-airways.com/en_gb,https://www.facebook.com/ITAAirways/,https://it.linkedin.com/company/ita-airways,https://www.instagram.com/itaairways/,https://www.youtube.com/channel/UCU6Bl0T4zmB9YYuZFv58MUA
Yotel,https://www.businesstravelshoweurope.com/exhibitors/yotel,Stand:  AV4,"Our 23 worldwide hotels focus on innovative, flexible, and smart design. YOTEL is perfect for the business traveller, with an ethos as NONSTOP as you!","Hogarth House, 136 High Holborn, London, WC1V 6PX, United Kingdom","Hotel, Meetings/Incentive Travel","Travel, Tourism and Hospitality","Fighting plastic waste, Energy efficient, Clean energy, Investing in communities",https://www.yotel.com/en,https://www.facebook.com/YOTELhotels/?locale=en_GB,https://www.linkedin.com/company/yotel/,https://www.instagram.com/yotel/,https://www.youtube.com/@yotel/featured
oneworld Management Company,https://www.businesstravelshoweurope.com/exhibitors/oneworld-management-company,Stand:  ap12,N/A,"1 Skyview Drive,, Fort Worth,, TX, TX 76155, United States",Airline Alliance,"Travel, Tourism and Hospitality","Commitment to net zero, Carbon offsetting",https://www.asp.events/client,N/A,N/A,N/A,N/A
Coco+ Travel,https://www.businesstravelshoweurope.com/exhibitors/coco-travel,Stand:  L90,Sustainable Business Travel,"470 Bath Rd,, Arno's Vale,, Bristol, BS4 3AP, United Kingdom","Fleet, Reporting/Data Management/Analytics, Travel Management Company/Agency","Automotive/Transportation, Travel Mgmt Co/Agency/Meetings, Travel, Tourism and Hospitality","Commitment to net zero, Carbon offsetting, Investing in communities",https://www.mycoco.io/,N/A,https://www.linkedin.com/company/goingcoco/mycompany/?viewAsMember=true,https://instagram.com/going.coco?igshid=YmMyMTA2M2Y=,N/A
Reed & Mackay,https://www.businesstravelshoweurope.com/exhibitors/reed-mackay-travel-limited,Stand:  K50,Discover dedicated service across the globe for corporate travel and events,"Nexus Place, 25 Farringdon Street, London, EC4A 4AF, United Kingdom","Meetings/Incentive Travel, Online Booking Tools/Travel Technology, Travel Management Company/Agency","Banking, Finance, Insurance, Real Estate, Media/Advertising/Communications/Marketing, Energy/Utilities/Mining, Professional Services (Business, Legal, Consulting), Sports/Entertainment","Commitment to net zero, Carbon offsetting",https://reedmackay.com,N/A,https://www.linkedin.com/company/reed-&-mackay,N/A,N/A
Visa Service Desk,https://www.businesstravelshoweurope.com/exhibitors/visa-service-desk,Stand:  G53,"Speed and Efficiency, High Approval Rates, Personalized Service, Global Expertise, 24/7 Support, Technology Integration  and Transparency","Parkstraat 15-5e, The Hague, 2514 JD, Netherlands","Consulting Services, Online Booking Tools/Travel Technology, Travel Management Company/Agency",A Service Providing Company,Energy efficient,https://visaservicedesk.com/en,N/A,https://www.linkedin.com/company/26544107/admin/feed/posts/,N/A,N/A
CWT,https://www.businesstravelshoweurope.com/exhibitors/cwt,Stand:  J31,N/A,"3rd Floor, 40 Bank Street, London, E14 5NR, United Kingdom","Consulting Services, Meetings/Incentive Travel, Travel Risk Management/Duty of Care","Banking, Finance, Insurance, Real Estate, Media/Advertising/Communications/Marketing, Medical/Healthcare/Pharma, Energy/Utilities/Mining, Sports/Entertainment",Investing in communities,https://www.mycwt.com/,https://www.facebook.com/myCWT/,https://www.linkedin.com/company/mycwt/,N/A,https://www.youtube.com/mycwt
Travelogix Ltd,https://www.businesstravelshoweurope.com/exhibitors/travelogix,Stand:  L71,We empower you to tell compelling stories with your travel data. Travelogix is a leader in data management and reporting.,"Suite 107 Newton House, Birchwood Park, Warrington, Cheshire, NG12 1AQ, United Kingdom",Reporting/Data Management/Analytics,"Travel Mgmt Co/Agency/Meetings, Travel, Tourism and Hospitality",N/A,https://www.travelogixltd.com/,N/A,https://www.linkedin.com/company/travelogix-limited/,N/A,N/A
Trondent Development Corp,https://www.businesstravelshoweurope.com/exhibitors/trondent-development-corp,Stand:  L43,"We deliver relevant, easy-to-use technology that can fit into any GDS, TMC and OBT environment - designed for the global market.","1300 S. Grove Ave., Ste 204, Barrington, IL, 60010, United States",Online Booking Tools/Travel Technology,"A Service Providing Company, Agri, Forestry, Fisheries, A Manufacturing Company, Automotive/Transportation, Banking, Finance, Insurance, Real Estate, Construction/ Engineering/Infrastructure/ Telecoms, Diversified Company, Government, Manufacturing, Media/Advertising/Communications/Marketing, Mining, Chem, Energy, Non-Profit Organization/NGO, Medical/Healthcare/Pharma, Education, Energy/Utilities/Mining, Other Manufacturing, Professional Services (Business, Legal, Consulting), Sports/Entertainment, Travel Mgmt Co/Agency/Meetings, Technology/Electronics, Trade/Non-Profit Organization, Travel Supplier (not Business Travel Agent), Travel, Tourism and Hospitality, Wholesale/Retail/Dist (Non-Travel)",N/A,https://trondent.com/,N/A,N/A,N/A,N/A
Convene,https://www.businesstravelshoweurope.com/exhibitors/convene,Stand:  f65,"Convene is a global lifestyle hospitality company that designs and operates premium meeting, event, and flexible office spaces.","22 Bishopsgate, London, London, EC2N 4BQ, United Kingdom",None of the Above,Travel Mgmt Co/Agency/Meetings,"Fighting plastic waste, Energy efficient",https://convene.com/,https://www.facebook.com/AtConvene/?locale=en_GB,https://www.linkedin.com/company/convene-com/mycompany/,https://www.instagram.com/convene/?hl=en,N/A
Uber,https://www.businesstravelshoweurope.com/exhibitors/uber-bv,Stand:  H21,N/A,"1, Aldgate Tower, 2 Leman St, London, E1 8FA, United Kingdom",N/A,N/A,N/A,https://uber.com/business,N/A,N/A,N/A,N/A
VistaJet International Limited,https://www.businesstravelshoweurope.com/exhibitors/vistajet-international-limited,Stand:  AP7,The only branded private jet airline offering flying memberships with no joining fees.,"51-52 Charles St, London, W1J 5EU, United Kingdom","Airline, Charter Air/Corporate Jets, Travel Management Company/Agency","Travel Mgmt Co/Agency/Meetings, Travel Supplier (not Business Travel Agent)","Commitment to net zero, Carbon offsetting, Fighting plastic waste, Energy efficient, Clean energy, Investing in communities",https://www.vistajet.com/,N/A,https://www.linkedin.com/company/vista-global,https://www.instagram.com/vistajet/?hl=en,N/A
CIBT,https://www.businesstravelshoweurope.com/exhibitors/cibt,Stand:  H87,N/A,"Skyline House, 200 Union Street, London, SE1 0LX, United Kingdom",None of the Above,A Service Providing Company,N/A,https://cibtvisas.com/,https://www.facebook.com/cibtcorp/,https://www.linkedin.com/company/cibt/,https://www.instagram.com/cibtcorp/,N/A
Hertz UK Limited,https://www.businesstravelshoweurope.com/exhibitors/hertz-uk-limited,"Stand:  MP10, MP9","Join our award winning Gold Plus Rewards Programme, free for you to join.","Hertz House 11 Vine Street, Uxbridge, Middlesex, UB8 1QE, United Kingdom","Car Rental, Fleet, Ground/Chauffeur Transportation","A Service Providing Company, Agri, Forestry, Fisheries, A Manufacturing Company, Automotive/Transportation, Banking, Finance, Insurance, Real Estate, Construction/ Engineering/Infrastructure/ Telecoms, Government, Manufacturing, Media/Advertising/Communications/Marketing, Mining, Chem, Energy, Medical/Healthcare/Pharma, Education, Energy/Utilities/Mining, Professional Services (Business, Legal, Consulting), Sports/Entertainment, Travel Mgmt Co/Agency/Meetings, Technology/Electronics, Travel Supplier (not Business Travel Agent), Travel, Tourism and Hospitality",Energy efficient,https://www.hertz.co.uk,N/A,N/A,N/A,https://www.youtube.com/user/hertzcarrental
Wings Global Travel,https://www.businesstravelshoweurope.com/exhibitors/wings-travel-management,Stand:  G41,N/A,"160 Falcon Road,, Second Floor, South Wing, London, SW11 2LN, United Kingdom","Meetings/Incentive Travel, Online Booking Tools/Travel Technology, Travel Management Company/Agency","Banking, Finance, Insurance, Real Estate, Mining, Chem, Energy, Energy/Utilities/Mining, Professional Services (Business, Legal, Consulting)","Carbon offsetting, Energy efficient, Investing in communities",https://www.wings.travel/,N/A,https://www.linkedin.com/company/wings-travel-management/,N/A,N/A
Heathrow Express,https://www.businesstravelshoweurope.com/exhibitors/heathrow-express,Stand:  MP8,Direct Service Every 15 Minutes. Kids Go Free 15 and under. Ample Luggage Space. Fully Accessible. Free Wi-Fi.,"The Compass Centre, Nelson Road,, Hounslow, Middlesex, TW6 2GW, United Kingdom",Rail,Automotive/Transportation,", Loading, 
									21 May 2024
								, 
									Heathrow Express
								, 

, Twitter, 

, Facebook, 

, LinkedIn, 

, Email",https://www.heathrowexpress.com/,https://www.facebook.com/HeathrowExpress/?locale=en_GB,https://www.linkedin.com/company/heathrow-express/mycompany/,https://www.instagram.com/heathrowexpress/,https://www.youtube.com/user/heathrowexpress
Yoummday,https://www.businesstravelshoweurope.com/exhibitors/yoummday,Stand:  L55,N/A,N/A,N/A,N/A,N/A,https://www.asp.events/client,N/A,N/A,N/A,N/A
Paysafe,https://www.businesstravelshoweurope.com/exhibitors/paysafe,Stand:  L77,N/A,N/A,N/A,N/A,N/A,https://www.asp.events/client,N/A,N/A,N/A,N/A
Riskline ApS,https://www.businesstravelshoweurope.com/exhibitors/riskline-aps,Stand:  L40,"We simplify the complexities of travel risk data, so travellers can have accurate and personalised real-time insights before and during their trip.","Lidemarksvej 57, Herfoelge, 4681, Denmark","Reporting/Data Management/Analytics, Travel Risk Management/Duty of Care","Government, Non-Profit Organization/NGO, Education, Travel Mgmt Co/Agency/Meetings, Travel Supplier (not Business Travel Agent), Travel, Tourism and Hospitality",", Loading",https://riskline.com/,N/A,https://www.linkedin.com/company/riskline/,N/A,https://www.youtube.com/channel/UCPFHO7EZ5PUauUBzmK4D6xw
Thon Hotels,https://www.businesstravelshoweurope.com/exhibitors/thon-hotels,Stand:  MP6,"Sustainability, Best Breakfast, Modern Rooms","Rue du Luxembourg 23, Brussels, Belgium, 1000, Norway",Hotel,"Travel, Tourism and Hospitality","Commitment to net zero, Fighting plastic waste, Energy efficient, Clean energy",https://www.thonhotels.com/,https://www.facebook.com/thonhotels/,https://www.linkedin.com/company/thon-hotels/,https://www.instagram.com/thonhotels/,https://www.youtube.com/user/thonhotels
Gray Dawes Travel,https://www.businesstravelshoweurope.com/exhibitors/gray-dawes-travel,Stand:  K40,"Award winning, high touch service, backed up  by amazing technology and unrivalled access to great content.","8 Lovat Lane, London, EC3R 8DT, United Kingdom",Travel Management Company/Agency,"Banking, Finance, Insurance, Real Estate, Manufacturing, Mining, Chem, Energy, Energy/Utilities/Mining, Professional Services (Business, Legal, Consulting), Sports/Entertainment",N/A,https://www.gdg.travel/,N/A,https://www.linkedin.com/company/gray-dawes,N/A,N/A
Pax2pay,https://www.businesstravelshoweurope.com/exhibitors/pax2pay,Stand:  L41,N/A,N/A,N/A,N/A,N/A,https://www.asp.events/client,N/A,N/A,N/A,N/A
The BTN Group,https://www.businesstravelshoweurope.com/exhibitors/btn-group,Stand:  H81,"The leading global source of business travel and meeting information, news, data, analysis and research serving the $1.4 trillion business travel indu","8 Devonshire Square, London, EC2M 4YJ, United Kingdom",N/A,N/A,N/A,https://www.businesstravelnewseurope.com/,https://www.facebook.com/BTNEurope,https://www.linkedin.com/company/btneurope,N/A,N/A
Nomadic Technologies Limited,https://www.businesstravelshoweurope.com/exhibitors/nomadic-technologies-limited,Stand:  J51,Nomadic is the next generation in short-term immigration compliance management solutions.,"95 Gresham Street, London, EC2V 7NA, United Kingdom","Online Booking Tools/Travel Technology, Reporting/Data Management/Analytics","A Service Providing Company, Professional Services (Business, Legal, Consulting), Technology/Electronics, Travel Supplier (not Business Travel Agent)",", Loading, 
									09 May 2024
								, 
									09 May 2024
								, 
									09 May 2024
								",https://www.gonomadic.com/,https://www.facebook.com/GoNomadicLLC,https://www.linkedin.com/company/go-nomadic,N/A,N/A
Accor,https://www.businesstravelshoweurope.com/exhibitors/accor-hotel-services-uk,Stand:  F85,"ecosystem of leading brands, powerful loyalty program","Tour Sequana, 82 Rue Henry Farman, Issy-Les-Moulineaux, Paris, 92130, France","Hotel, Meetings/Incentive Travel","Travel, Tourism and Hospitality","Commitment to net zero, Carbon offsetting, Fighting plastic waste, Energy efficient, Clean energy, Investing in communities",https://all.accor.com,https://www.facebook.com/Accor/,https://fr.linkedin.com/company/accor,https://www.instagram.com/accor/,https://www.youtube.com/c/accor
Addison Lee Ltd,https://www.businesstravelshoweurope.com/exhibitors/addison-lee,Stand:  G31,"Premium service, safety and security, convenience and reliability, sustainable travel, corporate and business travel solutions","The Point, 37 North Wharf Road, London, W2 1AF, United Kingdom","Fleet, Ground/Chauffeur Transportation","Automotive/Transportation, Banking, Finance, Insurance, Real Estate, Government, Media/Advertising/Communications/Marketing, Mining, Chem, Energy, Medical/Healthcare/Pharma, Professional Services (Business, Legal, Consulting), Sports/Entertainment, Travel Mgmt Co/Agency/Meetings, Technology/Electronics, Travel, Tourism and Hospitality","Commitment to net zero, Carbon offsetting, Energy efficient, Clean energy",https://www.addisonlee.com/,https://www.facebook.com/addisonleecabs/,https://www.linkedin.com/company/addison-lee/,https://www.instagram.com/addisonleecabs,https://www.youtube.com/c/addisonlee
RIU Plaza Hotels,https://www.businesstravelshoweurope.com/exhibitors/riusa-ii,Stand:  MP2,N/A,"Edificio España, Gran Vía, 84, Madrid, Community of Madrid, Spain, MADRID, 28013, Spain",Hotel,"A Service Providing Company, Agri, Forestry, Fisheries, A Manufacturing Company, Automotive/Transportation, Banking, Finance, Insurance, Real Estate, Construction/ Engineering/Infrastructure/ Telecoms, Diversified Company, Government, Manufacturing, Media/Advertising/Communications/Marketing, Mining, Chem, Energy, Non-Profit Organization/NGO, Medical/Healthcare/Pharma, Education, Energy/Utilities/Mining, Other Manufacturing, Professional Services (Business, Legal, Consulting), Sports/Entertainment, Travel Mgmt Co/Agency/Meetings, Technology/Electronics, Trade/Non-Profit Organization, Travel Supplier (not Business Travel Agent), Travel, Tourism and Hospitality, Wholesale/Retail/Dist (Non-Travel)","Commitment to net zero, Carbon offsetting, Fighting plastic waste, Energy efficient, Clean energy, Investing in communities",https://www.riuplaza.com/,https://www.facebook.com/Riuhoteles,https://www.linkedin.com/company/riu-hotels-resorts/,N/A,https://www.youtube.com/c/riuhotels
APARTHOTEL BIRMINGHAM,https://www.businesstravelshoweurope.com/exhibitors/switch-hospitality-management,Stand:  F58,N/A,"Park Regis Birmingham, 160 Broad Street, Birmingham, W Midlands, B15 1DT, United Kingdom",N/A,N/A,N/A,https://www.asp.events/client,N/A,N/A,N/A,N/A
Cvent Europe Ltd,https://www.businesstravelshoweurope.com/exhibitors/cvent-europe,Stand:  F21,N/A,"4 Kingdom Street, London, W2 6BD, United Kingdom",Meetings Management Technology,"Travel Mgmt Co/Agency/Meetings, Technology/Electronics, Travel, Tourism and Hospitality","Commitment to net zero, Carbon offsetting, Fighting plastic waste, Energy efficient, Clean energy, Investing in communities",https://www.cvent.com/uk,N/A,https://www.linkedin.com/company/cvent,https://www.instagram.com/cvent_inc,N/A
Festive Road International Limited,https://www.businesstravelshoweurope.com/exhibitors/festive-road-international-limited,Stand:  L24,N/A,"83 Ducie Street, Manchester M1 2JQ, United Kingdom",Consulting Services,"Banking, Finance, Insurance, Real Estate, Media/Advertising/Communications/Marketing, Mining, Chem, Energy, Medical/Healthcare/Pharma, Energy/Utilities/Mining, Professional Services (Business, Legal, Consulting), Technology/Electronics",N/A,https://festive-road.com/,N/A,https://www.linkedin.com/company/festive-road,N/A,https://www.youtube.com/@festiveroad3223
International SOS,https://www.businesstravelshoweurope.com/exhibitors/international-sos,Stand:  MP3,N/A,"Building 4, Chiswick Park, 566 Chiswick High Road, London, W4 5YA, United Kingdom","Consulting Services, Travel Risk Management/Duty of Care","A Manufacturing Company, Automotive/Transportation, Banking, Finance, Insurance, Real Estate, Government, Manufacturing, Media/Advertising/Communications/Marketing, Mining, Chem, Energy, Non-Profit Organization/NGO, Medical/Healthcare/Pharma, Education, Energy/Utilities/Mining, Professional Services (Business, Legal, Consulting), Sports/Entertainment, Travel Mgmt Co/Agency/Meetings, Technology/Electronics, Trade/Non-Profit Organization, Wholesale/Retail/Dist (Non-Travel)",", Loading",https://www.internationalsos.com/,N/A,https://www.linkedin.com/company/international-sos,N/A,N/A
Jyrney,https://www.businesstravelshoweurope.com/exhibitors/jyrney,Stand:  L31,N/A,N/A,N/A,N/A,N/A,https://www.asp.events/client,N/A,N/A,N/A,N/A
DIVERSITY TRAVEL LTD,https://www.businesstravelshoweurope.com/exhibitors/diversity-travel,Stand:  H71,"Specialist fare content, duty of care, sustainability, native speakers in English, Dutch, German, French and Spanish.","Diversity Travel, Manchester One, Manchester, M1 3LD, United Kingdom",Travel Management Company/Agency,"Non-Profit Organization/NGO, Education, Trade/Non-Profit Organization","Commitment to net zero, Carbon offsetting",https://www.diversitytravel.com,N/A,https://www.linkedin.com/company/diversity-travel,N/A,N/A
South Western Railway,https://www.businesstravelshoweurope.com/exhibitors/south-western-railway,Stand:  j75,N/A,"4th Floor, South Bank Central, 30 Stamford Street, London, SE1 9LQ, United Kingdom",N/A,N/A,N/A,https://www.asp.events/client,N/A,N/A,N/A,N/A
Luxair Luxembourg Airlines,https://www.businesstravelshoweurope.com/exhibitors/luxair-luxembourg-airlines,Stand:  AP5,The national airline of Luxembourg,"20 Lancaster Road, 20 Lancaster Road, Hitchin, Herts, SG5 1PD, United Kingdom",Airline,"Automotive/Transportation, Travel Supplier (not Business Travel Agent)",", Loading, 
									30 Apr 2024
								, 
									Simon Cook
								",https://www.luxair.lu/enwww.luxair.lu,https://www.facebook.com/luxair.lu/?locale=en_GB,https://www.linkedin.com/company/luxair/,https://www.instagram.com/luxairairlines/?hl=en,N/A
Virgin Atlantic,https://www.businesstravelshoweurope.com/exhibitors/virgin-atlantic-airways,Stand:  K73,N/A,"The VHQ - Second Floor Fleming Way, Manor Royal, Crawley, Sussex, RH10 9DF, United Kingdom",Airline,"Travel, Tourism and Hospitality",N/A,https://flywith.virginatlantic.com/gb/en/virginatl,N/A,N/A,N/A,N/A
Conferma,https://www.businesstravelshoweurope.com/exhibitors/conferma,Stand:  K60,"Use your TMC, book with your technology, pay with your bank... now with snap+, hotel invoice reconciliation made easy","Towers Business Park, Ocean House, Wilmslow Road, Didsbury,, Manchester, M20 2RY, United Kingdom",Credit Cards/Payment Systems,"A Service Providing Company, Agri, Forestry, Fisheries, A Manufacturing Company, Automotive/Transportation, Banking, Finance, Insurance, Real Estate, Construction/ Engineering/Infrastructure/ Telecoms, Diversified Company, Government, Manufacturing, Media/Advertising/Communications/Marketing, Mining, Chem, Energy, Non-Profit Organization/NGO, Medical/Healthcare/Pharma, Education, Energy/Utilities/Mining, Other Manufacturing, Professional Services (Business, Legal, Consulting), Sports/Entertainment, Travel Mgmt Co/Agency/Meetings, Technology/Electronics, Trade/Non-Profit Organization, Travel Supplier (not Business Travel Agent), Travel, Tourism and Hospitality",N/A,https://www.conferma.com/,N/A,https://www.linkedin.com/company/conferma/,N/A,https://www.youtube.com/c/Conferma/videos
Altour International Travel,https://www.businesstravelshoweurope.com/exhibitors/altour-international-travel-1,Stand:  J20,N/A,"101 St Martins Lane, 101 St Martins Lane, London, WC2N 4AZ, United Kingdom",Travel Management Company/Agency,"Banking, Finance, Insurance, Real Estate, Government, Manufacturing, Media/Advertising/Communications/Marketing, Mining, Chem, Energy, Non-Profit Organization/NGO, Medical/Healthcare/Pharma, Education, Energy/Utilities/Mining, Other Manufacturing, Professional Services (Business, Legal, Consulting), Sports/Entertainment, Travel Mgmt Co/Agency/Meetings, Travel, Tourism and Hospitality",N/A,https://www.altour.com/,N/A,https://www.linkedin.com/company/altour-corporateandmeetings/mycompany/,N/A,N/A
PBC Corporate- Pink Berry Cars Ltd,https://www.businesstravelshoweurope.com/exhibitors/pink-berry-cars,Stand:  L62,"Reliable,  24 X7 Operation, competitive pricing, Safe and secure, Dedicated Account Manager,  convenient, Corporate and business travel specialist","7 Back Lane, Chadwell Heath, London, Essex, RM6 4BP, United Kingdom","Fleet, Ground/Chauffeur Transportation","A Service Providing Company, Agri, Forestry, Fisheries, A Manufacturing Company, Automotive/Transportation, Banking, Finance, Insurance, Real Estate, Construction/ Engineering/Infrastructure/ Telecoms, Diversified Company, Government, Manufacturing, Media/Advertising/Communications/Marketing, Mining, Chem, Energy, Non-Profit Organization/NGO, Medical/Healthcare/Pharma, Education, Energy/Utilities/Mining, Other Manufacturing, Professional Services (Business, Legal, Consulting), Sports/Entertainment, Travel Mgmt Co/Agency/Meetings, Technology/Electronics, Trade/Non-Profit Organization, Travel Supplier (not Business Travel Agent), Travel, Tourism and Hospitality, Wholesale/Retail/Dist (Non-Travel)","Commitment to net zero, Fighting plastic waste, Energy efficient, Investing in communities",https://www.pbccorporate.co.uk/,N/A,https://www.linkedin.com/in/pink-berry-cars-limited-134863211/,N/A,N/A
PredictX,https://www.businesstravelshoweurope.com/exhibitors/predictx,Stand:  K51,"With >99.9% Data Accuracy, PredictX AI & ML technology delivers precise, actionable data, analytics & forecasting for travel & expense leaders.","Terminal House, 7th Floor, 52 Grosvenor Gardens, London, SW1W 0AU, United Kingdom","Expense Management Technology, Reporting/Data Management/Analytics","A Service Providing Company, Agri, Forestry, Fisheries, A Manufacturing Company, Automotive/Transportation, Banking, Finance, Insurance, Real Estate, Construction/ Engineering/Infrastructure/ Telecoms, Diversified Company, Government, Manufacturing, Media/Advertising/Communications/Marketing, Mining, Chem, Energy, Non-Profit Organization/NGO, Medical/Healthcare/Pharma, Education, Energy/Utilities/Mining, Other Manufacturing, Professional Services (Business, Legal, Consulting), Sports/Entertainment, Technology/Electronics, Trade/Non-Profit Organization, Travel Supplier (not Business Travel Agent), Wholesale/Retail/Dist (Non-Travel)","Commitment to net zero, Carbon offsetting, Energy efficient",https://predictx.com,https://www.facebook.com/predictxai/,https://www.linkedin.com/company/predictx/,N/A,https://www.youtube.com/channel/UC1Qhxe0tAY7EekC4Ui49wfA
Wyndham Hotel Group Europe Ltd,https://www.businesstravelshoweurope.com/exhibitors/wyndham-hotel-group-europe,Stand:  F61,Largest Hotel Franchisor in the World,"4th Floor, 3 Shortlands, 3 Shortlands, Huddle, London, W6 8DA, United Kingdom",N/A,N/A,N/A,https://www.wyndhamhotels.com/en-uk,N/A,https://www.linkedin.com/company/wyndhamhotels,N/A,N/A
Dwellworks Living,https://www.businesstravelshoweurope.com/exhibitors/dwellworks,Stand:  AV2,N/A,"Dwellworks, 1317 Euclid Ave, Suite 200, Cleveland, Cuyahoga, 44115, United States","Serviced Apartments, Travel Management Company/Agency","Banking, Finance, Insurance, Real Estate, Manufacturing, Medical/Healthcare/Pharma, Energy/Utilities/Mining, Travel Mgmt Co/Agency/Meetings","Commitment to net zero, Energy efficient, Investing in communities",https://www.DwellworksLiving.com/BTS,https://www.facebook.com/DwellworksLiving/,https://www.linkedin.com/showcase/dwellworksliving,https://www.instagram.com/dwellworksLiving/,N/A
Sunny's Worldwide UK Limited,https://www.businesstravelshoweurope.com/exhibitors/sunnys-worldwide-uk-limited,Stand:  H81,"Our USP lies in our unwavering dedication to delivering unmatched luxury, reliability, and personalised service","H&M Wimbledon Old Town Hall, Upper Level, Centre Court Shopping Centre, Wimbledon Old Town Hall, London, Please select...., SW19 8YA, United Kingdom",Ground/Chauffeur Transportation,"Automotive/Transportation, Banking, Finance, Insurance, Real Estate, Government, Manufacturing, Media/Advertising/Communications/Marketing, Mining, Chem, Energy, Energy/Utilities/Mining, Professional Services (Business, Legal, Consulting), Sports/Entertainment, Travel Mgmt Co/Agency/Meetings, Travel Supplier (not Business Travel Agent), Travel, Tourism and Hospitality","Commitment to net zero, Carbon offsetting, Fighting plastic waste, Energy efficient, Clean energy, Investing in communities",https://sunnylimo.com/,https://www.facebook.com/SunnysWorldwideTransportation/,https://www.linkedin.com/company/sunny,https://www.instagram.com/sunnys_worldwide/,N/A
Visa,https://www.businesstravelshoweurope.com/exhibitors/visa,Stand:  H65,N/A,"1 Sheldon Square, 1 Sheldon Square, London, W2 6TT, United Kingdom",Credit Cards/Payment Systems,"Banking, Finance, Insurance, Real Estate",N/A,https://www.asp.events/client,N/A,N/A,N/A,N/A
Cornerstone,https://www.businesstravelshoweurope.com/exhibitors/cornerstone,Stand:  L45,N/A,N/A,N/A,N/A,N/A,https://www.asp.events/client,N/A,N/A,N/A,N/A
Avanti West Coast,https://www.businesstravelshoweurope.com/exhibitors/avanti-west-coast,Stand:  j75,Standard Premium & sustainable travel,"Euston Road, London, NW1 3BT, United Kingdom","Meetings/Incentive Travel, Rail","Banking, Finance, Insurance, Real Estate, Construction/ Engineering/Infrastructure/ Telecoms, Government, Media/Advertising/Communications/Marketing, Professional Services (Business, Legal, Consulting)","Commitment to net zero, Energy efficient, Investing in communities",https://www.avantiwestcoast.co.uk,N/A,https://www.linkedin.com/company/west-coast-rail,N/A,N/A
AVIS Budget UK LTD,https://www.businesstravelshoweurope.com/exhibitors/avis-budget-uk,Stand:  J70,"Avis is global brand operating in 10,200+ locations in 180 countries.","Avis House, Park Road, Bracknell, RG12 2EW, United Kingdom",N/A,N/A,N/A,https://www.avis.co.uk,N/A,https://www.linkedin.com/company/avis-budget-uk,N/A,N/A
Imperial London Hotels Ltd,https://www.businesstravelshoweurope.com/exhibitors/imperial-london-hotels,Stand:  F11,"187 year old, Family owned group offering variety and flexibility","38-51 Bedford Way, London, WC1H 0DG, United Kingdom",Hotel,"A Service Providing Company, Agri, Forestry, Fisheries, A Manufacturing Company, Automotive/Transportation, Banking, Finance, Insurance, Real Estate, Construction/ Engineering/Infrastructure/ Telecoms, Diversified Company, Government, Manufacturing, Media/Advertising/Communications/Marketing, Mining, Chem, Energy, Non-Profit Organization/NGO, Medical/Healthcare/Pharma, Education, Energy/Utilities/Mining, Other Manufacturing, Professional Services (Business, Legal, Consulting), Sports/Entertainment, Travel Mgmt Co/Agency/Meetings, Technology/Electronics, Trade/Non-Profit Organization, Travel Supplier (not Business Travel Agent), Travel, Tourism and Hospitality, Wholesale/Retail/Dist (Non-Travel)","Commitment to net zero, Fighting plastic waste, Energy efficient, Investing in communities",https://www.imperialhotels.co.uk/,N/A,https://www.linkedin.com/company/imperial-london-hotels/mycompany/,https://www.instagram.com/imperiallondonhotels/?hl=en,N/A
Hainan Airlines,https://www.businesstravelshoweurope.com/exhibitors/manchester-airport,Stand:  AP8,The first and only SKYTRAX 5-Star airline in mainland China,"389 Chiswick High Road, Chiswick, London, W4 4AL, United Kingdom",Airline,"A Service Providing Company, Automotive/Transportation",N/A,https://www.hainanairlines.com/,https://www.facebook.com/HainanAirlinesGlobal/?locale=en_GB,https://www.linkedin.com/company/china-hainan-airlines/,N/A,https://www.youtube.com/@hainanairlines823
Partnership Travel Consulting,https://www.businesstravelshoweurope.com/exhibitors/partnership-travel-consulting,Stand:  MP1,Helping corporate clients to navigate their way through an ever-changing and turbulent travel management market.,"1217 Cape Coral Parkway E, #105, Cape Coral, FL, 33904, United Kingdom","Consulting Services, Reporting/Data Management/Analytics",N/A,N/A,https://www.partnershiptc.com/,N/A,https://uk.linkedin.com/company/partnership-travel-consulting-llc,N/A,N/A
Areka Consulting,https://www.businesstravelshoweurope.com/exhibitors/areka-consulting,Stand:  K65,N/A,"9a Rue Chateaubriand,, Paris, 75008, France",Consulting Services,"Professional Services (Business, Legal, Consulting)","Commitment to net zero, Carbon offsetting, Energy efficient, Clean energy",https://www.asp.events/client,N/A,N/A,N/A,N/A
DerbySoft,https://www.businesstravelshoweurope.com/exhibitors/derbysoft,Stand:  L21,N/A,"14800 Landmark Blvd., Suite 640, Dallas, TX, 75254, United States","Global Distribution System/Content Aggregators, Online Booking Tools/Travel Technology","Travel, Tourism and Hospitality",", Loading, 
									15 Mar 2024
								, 

, Twitter, 

, Facebook, 

, LinkedIn, 

, Email, 
									09 Apr 2024
								, 

, Twitter, 

, Facebook, 

, LinkedIn, 

, Email, 
									24 Apr 2024
								, 

, Twitter, 

, Facebook, 

, LinkedIn, 

, Email",https://www.derbysoft.com,https://www.facebook.com/derbysoft,N/A,N/A,N/A
easyJet,https://www.businesstravelshoweurope.com/exhibitors/easyjet-airline-co,Stand:  AP1,Making low-cost business travel easy,"Hanger 89,, London Luton Airport, Luton, Bedfordshire, LU2 9LS, United Kingdom",Airline,"Automotive/Transportation, Travel Supplier (not Business Travel Agent), Travel, Tourism and Hospitality","Commitment to net zero, Fighting plastic waste, Energy efficient, Investing in communities",https://www.easyjet.com/en/,https://www.facebook.com/easyJet,https://uk.linkedin.com/company/easyjet,https://www.instagram.com/easyjet,https://www.youtube.com/user/easyJet
Exactly.com,https://www.businesstravelshoweurope.com/exhibitors/opay-holding-limited,Stand:  L32,"Card Payments (VISA, Mastercard, UnionPay - Direct member), Open-Banking, Apple Pay, Google Pay","Ground Floor, 4 Victoria Square, St Albans, Hertfordshire, AL1 3TF, United Kingdom",Credit Cards/Payment Systems,"A Service Providing Company, Banking, Finance, Insurance, Real Estate, Media/Advertising/Communications/Marketing, Education, Travel Mgmt Co/Agency/Meetings, Technology/Electronics, Travel, Tourism and Hospitality, Wholesale/Retail/Dist (Non-Travel)","Energy efficient, Investing in communities",https://exactly.com/,https://www.facebook.com/exactlycom,https://www.linkedin.com/company/exactlycom/,https://www.instagram.com/exactly_com/,N/A
CDS Groupe/Goelett/CRC,https://www.businesstravelshoweurope.com/exhibitors/cds-groupe,Stand:  H66,N/A,"CDS Groupe, 1 rue royale, Saint Cloud, 92210, France","Consulting Services, Hotel, Online Booking Tools/Travel Technology","Travel, Tourism and Hospitality",N/A,https://www.cdsgroupe.com/en/the-group-2/,N/A,https://www.linkedin.com/company/1074148/admin/feed/posts/,N/A,https://www.youtube.com/channel/UClEtg_Bxy9nCAYEW2hS843g
Enterprise Mobility,https://www.businesstravelshoweurope.com/exhibitors/enterprise-mobility-1,Stand:  H51,"With 9,500 locations in over 100 countries, we have the vehicles you need when you need them","Enterprise House, Enterprise House, Vicarage Road, Egham, Surrey, TW20 9FB, United Kingdom","Car Rental, Fleet, Ground/Chauffeur Transportation","A Manufacturing Company, Automotive/Transportation, Construction/ Engineering/Infrastructure/ Telecoms, Government, Manufacturing, Energy/Utilities/Mining, Sports/Entertainment, Travel Mgmt Co/Agency/Meetings, Travel Supplier (not Business Travel Agent)",Investing in communities,https://www.enterprisemobility.co.uk/?gclid=CjwKCA,N/A,https://www.linkedin.com/company/enterprise-mobility-/,https://www.instagram.com/enterprise.mobility/?hl=en-gb,N/A
